venue,quarter,snapshot_date,asset_class,share,total_usd_billion
binance,2022-Q4,2022-12-31,BTC,0.1456,54.781
binance,2022-Q4,2022-12-31,ETH,0.0976,54.781
binance,2022-Q4,2022-12-31,USDT_USDC,0.5206,54.781
binance,2022-Q4,2022-12-31,native_token,0.1812,54.781
binance,2022-Q4,2022-12-31,long_tail_alts,0.055,54.781
binance,2023-Q1,2023-03-31,BTC,0.2248,68.851
binance,2023-Q1,2023-03-31,ETH,0.1176,68.851
binance,2023-Q1,2023-03-31,USDT_USDC,0.3956,68.851
binance,2023-Q1,2023-03-31,native_token,0.189,68.851
binance,2023-Q1,2023-03-31,long_tail_alts,0.0731,68.851
binance,2023-Q2,2023-06-30,BTC,0.3001,58.877
binance,2023-Q2,2023-06-30,ETH,0.1248,58.877
binance,2023-Q2,2023-06-30,USDT_USDC,0.3327,58.877
binance,2023-Q2,2023-06-30,native_token,0.1329,58.877
binance,2023-Q2,2023-06-30,long_tail_alts,0.1095,58.877
binance,2023-Q3,2023-09-30,BTC,0.2719,58.131
binance,2023-Q3,2023-09-30,ETH,0.1104,58.131
binance,2023-Q3,2023-09-30,USDT_USDC,0.3884,58.131
binance,2023-Q3,2023-09-30,native_token,0.1235,58.131
binance,2023-Q3,2023-09-30,long_tail_alts,0.1059,58.131
binance,2023-Q4,2023-12-31,BTC,0.2949,79.665
binance,2023-Q4,2023-12-31,ETH,0.117,79.665
binance,2023-Q4,2023-12-31,USDT_USDC,0.3208,79.665
binance,2023-Q4,2023-12-31,native_token,0.1355,79.665
binance,2023-Q4,2023-12-31,long_tail_alts,0.1318,79.665
binance,2024-Q1,2024-03-31,BTC,0.3245,120.079
binance,2024-Q1,2024-03-31,ETH,0.1241,120.079
binance,2024-Q1,2024-03-31,USDT_USDC,0.2294,120.079
binance,2024-Q1,2024-03-31,native_token,0.1777,120.079
binance,2024-Q1,2024-03-31,long_tail_alts,0.1443,120.079
binance,2024-Q2,2024-06-30,BTC,0.3447,107.88
binance,2024-Q2,2024-06-30,ETH,0.1463,107.88
binance,2024-Q2,2024-06-30,USDT_USDC,0.2516,107.88
binance,2024-Q2,2024-06-30,native_token,0.147,107.88
binance,2024-Q2,2024-06-30,long_tail_alts,0.1105,107.88
binance,2024-Q3,2024-09-30,BTC,0.3565,112.71
binance,2024-Q3,2024-09-30,ETH,0.1022,112.71
binance,2024-Q3,2024-09-30,USDT_USDC,0.2505,112.71
binance,2024-Q3,2024-09-30,native_token,0.148,112.71
binance,2024-Q3,2024-09-30,long_tail_alts,0.1427,112.71
binance,2024-Q4,2024-12-31,BTC,0.3546,152.568
binance,2024-Q4,2024-12-31,ETH,0.1069,152.568
binance,2024-Q4,2024-12-31,USDT_USDC,0.2011,152.568
binance,2024-Q4,2024-12-31,native_token,0.1441,152.568
binance,2024-Q4,2024-12-31,long_tail_alts,0.1933,152.568
binance,2025-Q1,2025-03-31,BTC,0.3539,134.026
binance,2025-Q1,2025-03-31,ETH,0.0638,134.026
binance,2025-Q1,2025-03-31,USDT_USDC,0.2869,134.026
binance,2025-Q1,2025-03-31,native_token,0.1372,134.026
binance,2025-Q1,2025-03-31,long_tail_alts,0.1582,134.026
binance,2025-Q2,2025-06-30,BTC,0.3862,150.696
binance,2025-Q2,2025-06-30,ETH,0.0788,150.696
binance,2025-Q2,2025-06-30,USDT_USDC,0.2536,150.696
binance,2025-Q2,2025-06-30,native_token,0.134,150.696
binance,2025-Q2,2025-06-30,long_tail_alts,0.1474,150.696
binance,2025-Q3,2025-09-30,BTC,0.3175,198.232
binance,2025-Q3,2025-09-30,ETH,0.15,198.232
binance,2025-Q3,2025-09-30,USDT_USDC,0.1904,198.232
binance,2025-Q3,2025-09-30,native_token,0.182,198.232
binance,2025-Q3,2025-09-30,long_tail_alts,0.1602,198.232
binance,2025-Q4,2025-12-31,BTC,0.3125,168.924
binance,2025-Q4,2025-12-31,ETH,0.1303,168.924
binance,2025-Q4,2025-12-31,USDT_USDC,0.2652,168.924
binance,2025-Q4,2025-12-31,native_token,0.1834,168.924
binance,2025-Q4,2025-12-31,long_tail_alts,0.1085,168.924
okx,2022-Q4,2022-12-31,BTC,0.2535,6.391
okx,2022-Q4,2022-12-31,ETH,0.207,6.391
okx,2022-Q4,2022-12-31,USDT_USDC,0.5244,6.391
okx,2022-Q4,2022-12-31,native_token,0.0,6.391
okx,2022-Q4,2022-12-31,long_tail_alts,0.0151,6.391
okx,2023-Q1,2023-03-31,BTC,0.3358,9.601
okx,2023-Q1,2023-03-31,ETH,0.2299,9.601
okx,2023-Q1,2023-03-31,USDT_USDC,0.4233,9.601
okx,2023-Q1,2023-03-31,native_token,0.0,9.601
okx,2023-Q1,2023-03-31,long_tail_alts,0.0109,9.601
okx,2023-Q2,2023-06-30,BTC,0.3035,10.274
okx,2023-Q2,2023-06-30,ETH,0.1905,10.274
okx,2023-Q2,2023-06-30,USDT_USDC,0.4956,10.274
okx,2023-Q2,2023-06-30,native_token,0.0,10.274
okx,2023-Q2,2023-06-30,long_tail_alts,0.0104,10.274
okx,2023-Q3,2023-09-30,BTC,0.2896,9.636
okx,2023-Q3,2023-09-30,ETH,0.1688,9.636
okx,2023-Q3,2023-09-30,USDT_USDC,0.5328,9.636
okx,2023-Q3,2023-09-30,native_token,0.0,9.636
okx,2023-Q3,2023-09-30,long_tail_alts,0.0088,9.636
okx,2023-Q4,2023-12-31,BTC,0.4239,11.915
okx,2023-Q4,2023-12-31,ETH,0.1711,11.915
okx,2023-Q4,2023-12-31,USDT_USDC,0.3845,11.915
okx,2023-Q4,2023-12-31,native_token,0.0,11.915
okx,2023-Q4,2023-12-31,long_tail_alts,0.0205,11.915
okx,2024-Q1,2024-03-31,BTC,0.2867,29.961
okx,2024-Q1,2024-03-31,ETH,0.1377,29.961
okx,2024-Q1,2024-03-31,USDT_USDC,0.2013,29.961
okx,2024-Q1,2024-03-31,native_token,0.2741,29.961
okx,2024-Q1,2024-03-31,long_tail_alts,0.1002,29.961
okx,2024-Q2,2024-06-30,BTC,0.3852,19.058
okx,2024-Q2,2024-06-30,ETH,0.1828,19.058
okx,2024-Q2,2024-06-30,USDT_USDC,0.3287,19.058
okx,2024-Q2,2024-06-30,native_token,0.0066,19.058
okx,2024-Q2,2024-06-30,long_tail_alts,0.0967,19.058
okx,2024-Q3,2024-09-30,BTC,0.414,19.429
okx,2024-Q3,2024-09-30,ETH,0.1403,19.429
okx,2024-Q3,2024-09-30,USDT_USDC,0.3198,19.429
okx,2024-Q3,2024-09-30,native_token,0.0066,19.429
okx,2024-Q3,2024-09-30,long_tail_alts,0.1193,19.429
okx,2024-Q4,2024-12-31,BTC,0.412,26.287
okx,2024-Q4,2024-12-31,ETH,0.1535,26.287
okx,2024-Q4,2024-12-31,USDT_USDC,0.2953,26.287
okx,2024-Q4,2024-12-31,native_token,0.0051,26.287
okx,2024-Q4,2024-12-31,long_tail_alts,0.1341,26.287
okx,2025-Q1,2025-03-31,BTC,0.5255,18.289
okx,2025-Q1,2025-03-31,ETH,0.0794,18.289
okx,2025-Q1,2025-03-31,USDT_USDC,0.3782,18.289
okx,2025-Q1,2025-03-31,native_token,0.0002,18.289
okx,2025-Q1,2025-03-31,long_tail_alts,0.0166,18.289
okx,2025-Q2,2025-06-30,BTC,0.4865,24.888
okx,2025-Q2,2025-06-30,ETH,0.0884,24.888
okx,2025-Q2,2025-06-30,USDT_USDC,0.3109,24.888
okx,2025-Q2,2025-06-30,native_token,0.0037,24.888
okx,2025-Q2,2025-06-30,long_tail_alts,0.1106,24.888
okx,2025-Q3,2025-09-30,BTC,0.4203,28.276
okx,2025-Q3,2025-09-30,ETH,0.2068,28.276
okx,2025-Q3,2025-09-30,USDT_USDC,0.2538,28.276
okx,2025-Q3,2025-09-30,native_token,0.0014,28.276
okx,2025-Q3,2025-09-30,long_tail_alts,0.1177,28.276
okx,2025-Q4,2025-12-31,BTC,0.4178,22.077
okx,2025-Q4,2025-12-31,ETH,0.1755,22.077
okx,2025-Q4,2025-12-31,USDT_USDC,0.3278,22.077
okx,2025-Q4,2025-12-31,native_token,0.0005,22.077
okx,2025-Q4,2025-12-31,long_tail_alts,0.0784,22.077
bybit,2022-Q4,2022-12-31,BTC,0.1814,2.006
bybit,2022-Q4,2022-12-31,ETH,0.0929,2.006
bybit,2022-Q4,2022-12-31,USDT_USDC,0.6203,2.006
bybit,2022-Q4,2022-12-31,native_token,0.0,2.006
bybit,2022-Q4,2022-12-31,long_tail_alts,0.1054,2.006
bybit,2023-Q1,2023-03-31,BTC,0.2701,3.063
bybit,2023-Q1,2023-03-31,ETH,0.1039,3.063
bybit,2023-Q1,2023-03-31,USDT_USDC,0.5181,3.063
bybit,2023-Q1,2023-03-31,native_token,0.0,3.063
bybit,2023-Q1,2023-03-31,long_tail_alts,0.108,3.063
bybit,2023-Q2,2023-06-30,BTC,0.3201,3.168
bybit,2023-Q2,2023-06-30,ETH,0.1313,3.168
bybit,2023-Q2,2023-06-30,USDT_USDC,0.4592,3.168
bybit,2023-Q2,2023-06-30,native_token,0.0,3.168
bybit,2023-Q2,2023-06-30,long_tail_alts,0.0895,3.168
bybit,2023-Q3,2023-09-30,BTC,0.2741,3.52
bybit,2023-Q3,2023-09-30,ETH,0.1155,3.52
bybit,2023-Q3,2023-09-30,USDT_USDC,0.4455,3.52
bybit,2023-Q3,2023-09-30,native_token,0.0,3.52
bybit,2023-Q3,2023-09-30,long_tail_alts,0.165,3.52
bybit,2023-Q4,2023-12-31,BTC,0.3056,5.73
bybit,2023-Q4,2023-12-31,ETH,0.1405,5.73
bybit,2023-Q4,2023-12-31,USDT_USDC,0.3282,5.73
bybit,2023-Q4,2023-12-31,native_token,0.0,5.73
bybit,2023-Q4,2023-12-31,long_tail_alts,0.2257,5.73
bybit,2024-Q1,2024-03-31,BTC,0.3891,9.232
bybit,2024-Q1,2024-03-31,ETH,0.1201,9.232
bybit,2024-Q1,2024-03-31,USDT_USDC,0.2149,9.232
bybit,2024-Q1,2024-03-31,native_token,0.0,9.232
bybit,2024-Q1,2024-03-31,long_tail_alts,0.2759,9.232
bybit,2024-Q2,2024-06-30,BTC,0.3416,8.252
bybit,2024-Q2,2024-06-30,ETH,0.1502,8.252
bybit,2024-Q2,2024-06-30,USDT_USDC,0.2961,8.252
bybit,2024-Q2,2024-06-30,native_token,0.0,8.252
bybit,2024-Q2,2024-06-30,long_tail_alts,0.2121,8.252
bybit,2024-Q3,2024-09-30,BTC,0.3375,10.286
bybit,2024-Q3,2024-09-30,ETH,0.1064,10.286
bybit,2024-Q3,2024-09-30,USDT_USDC,0.2858,10.286
bybit,2024-Q3,2024-09-30,native_token,0.0,10.286
bybit,2024-Q3,2024-09-30,long_tail_alts,0.2703,10.286
bybit,2024-Q4,2024-12-31,BTC,0.316,16.801
bybit,2024-Q4,2024-12-31,ETH,0.1138,16.801
bybit,2024-Q4,2024-12-31,USDT_USDC,0.2721,16.801
bybit,2024-Q4,2024-12-31,native_token,0.0,16.801
bybit,2024-Q4,2024-12-31,long_tail_alts,0.2981,16.801
bybit,2025-Q1,2025-03-31,BTC,0.3203,15.008
bybit,2025-Q1,2025-03-31,ETH,0.072,15.008
bybit,2025-Q1,2025-03-31,USDT_USDC,0.2899,15.008
bybit,2025-Q1,2025-03-31,native_token,0.0,15.008
bybit,2025-Q1,2025-03-31,long_tail_alts,0.3178,15.008
bybit,2025-Q2,2025-06-30,BTC,0.333,19.033
bybit,2025-Q2,2025-06-30,ETH,0.0902,19.033
bybit,2025-Q2,2025-06-30,USDT_USDC,0.2773,19.033
bybit,2025-Q2,2025-06-30,native_token,0.0,19.033
bybit,2025-Q2,2025-06-30,long_tail_alts,0.2995,19.033
bybit,2025-Q3,2025-09-30,BTC,0.2784,26.337
bybit,2025-Q3,2025-09-30,ETH,0.0932,26.337
bybit,2025-Q3,2025-09-30,USDT_USDC,0.2109,26.337
bybit,2025-Q3,2025-09-30,native_token,0.0,26.337
bybit,2025-Q3,2025-09-30,long_tail_alts,0.4175,26.337
bybit,2025-Q4,2025-12-31,BTC,0.3007,18.359
bybit,2025-Q4,2025-12-31,ETH,0.0886,18.359
bybit,2025-Q4,2025-12-31,USDT_USDC,0.3102,18.359
bybit,2025-Q4,2025-12-31,native_token,0.0,18.359
bybit,2025-Q4,2025-12-31,long_tail_alts,0.3005,18.359
