issuer,quarter,snapshot_date,circulating_usd
BUSD,2022-Q4,2022-12-31,16715533894.00
BUSD,2023-Q1,2023-03-31,7632018815.00
BUSD,2023-Q2,2023-06-30,4155244539.00
BUSD,2023-Q3,2023-09-30,2262538520.00
BUSD,2023-Q4,2023-12-31,1013937983.00
BUSD,2024-Q1,2024-03-31,84511464.00
BUSD,2024-Q2,2024-06-30,70511464.00
BUSD,2024-Q3,2024-09-30,69511464.00
BUSD,2024-Q4,2024-12-31,68223497.00
BUSD,2025-Q1,2025-03-31,57893556.00
BUSD,2025-Q2,2025-06-30,57792684.00
BUSD,2025-Q3,2025-09-30,55026240.00
BUSD,2025-Q4,2025-12-31,55026240.00
DAI,2022-Q4,2022-12-31,5061925238.00
DAI,2023-Q1,2023-03-31,5096764173.00
DAI,2023-Q2,2023-06-30,4379764323.00
DAI,2023-Q3,2023-09-30,5485378687.00
DAI,2023-Q4,2023-12-31,5189602665.00
DAI,2024-Q1,2024-03-31,4828051348.00
DAI,2024-Q2,2024-06-30,5059898651.00
DAI,2024-Q3,2024-09-30,5034617474.00
DAI,2024-Q4,2024-12-31,4421204638.00
DAI,2025-Q1,2025-03-31,4154579376.00
DAI,2025-Q2,2025-06-30,4293552852.00
DAI,2025-Q3,2025-09-30,5079987913.00
DAI,2025-Q4,2025-12-31,4498019202.00
FDUSD,2023-Q2,2023-06-30,1074.00
FDUSD,2023-Q3,2023-09-30,406763578.00
FDUSD,2023-Q4,2023-12-31,1801091367.00
FDUSD,2024-Q1,2024-03-31,2173955537.00
FDUSD,2024-Q2,2024-06-30,1803771486.00
FDUSD,2024-Q3,2024-09-30,2506012371.00
FDUSD,2024-Q4,2024-12-31,1905103912.00
FDUSD,2025-Q1,2025-03-31,2323196704.00
FDUSD,2025-Q2,2025-06-30,1225274646.00
FDUSD,2025-Q3,2025-09-30,815712675.00
FDUSD,2025-Q4,2025-12-31,516314246.00
FRAX,2022-Q4,2022-12-31,1018393133.00
FRAX,2023-Q1,2023-03-31,1044853133.00
FRAX,2023-Q2,2023-06-30,1004141409.00
FRAX,2023-Q3,2023-09-30,671723781.00
FRAX,2023-Q4,2023-12-31,649462236.00
FRAX,2024-Q1,2024-03-31,392167022.00
FRAX,2024-Q2,2024-06-30,385986943.00
FRAX,2024-Q3,2024-09-30,353236561.00
FRAX,2024-Q4,2024-12-31,315425933.00
FRAX,2025-Q1,2025-03-31,218367488.00
FRAX,2025-Q2,2025-06-30,175739574.00
FRAX,2025-Q3,2025-09-30,135849357.00
FRAX,2025-Q4,2025-12-31,212315390.00
LUSD,2022-Q4,2022-12-31,178829828.00
LUSD,2023-Q1,2023-03-31,267721515.00
LUSD,2023-Q2,2023-06-30,282658011.00
LUSD,2023-Q3,2023-09-30,257738035.00
LUSD,2023-Q4,2023-12-31,177815954.00
LUSD,2024-Q1,2024-03-31,124859641.00
LUSD,2024-Q2,2024-06-30,84164363.00
LUSD,2024-Q3,2024-09-30,69499585.00
LUSD,2024-Q4,2024-12-31,61425720.00
LUSD,2025-Q1,2025-03-31,47446434.00
LUSD,2025-Q2,2025-06-30,41032079.00
LUSD,2025-Q3,2025-09-30,37559053.00
LUSD,2025-Q4,2025-12-31,35090334.00
PYUSD,2023-Q3,2023-09-30,60919231.00
PYUSD,2023-Q4,2023-12-31,234087336.00
PYUSD,2024-Q1,2024-03-31,158351953.00
PYUSD,2024-Q2,2024-06-30,499487564.00
PYUSD,2024-Q3,2024-09-30,695599166.00
PYUSD,2024-Q4,2024-12-31,559507565.00
PYUSD,2025-Q1,2025-03-31,802871349.00
PYUSD,2025-Q2,2025-06-30,967753807.00
PYUSD,2025-Q3,2025-09-30,2395013279.00
PYUSD,2025-Q4,2025-12-31,3531300289.00
TUSD,2022-Q4,2022-12-31,754804950.00
TUSD,2023-Q1,2023-03-31,2036276689.00
TUSD,2023-Q2,2023-06-30,3029595743.00
TUSD,2023-Q3,2023-09-30,3420035251.00
TUSD,2023-Q4,2023-12-31,2279874618.00
TUSD,2024-Q1,2024-03-31,464281087.00
TUSD,2024-Q2,2024-06-30,485585650.00
TUSD,2024-Q3,2024-09-30,485485719.00
TUSD,2024-Q4,2024-12-31,485485719.00
TUSD,2025-Q1,2025-03-31,485485719.00
TUSD,2025-Q2,2025-06-30,484484719.00
TUSD,2025-Q3,2025-09-30,484484719.00
TUSD,2025-Q4,2025-12-31,484484719.00
USDC,2022-Q4,2022-12-31,44099863896.00
USDC,2023-Q1,2023-03-31,32596518671.00
USDC,2023-Q2,2023-06-30,27724620748.00
USDC,2023-Q3,2023-09-30,24719546593.00
USDC,2023-Q4,2023-12-31,24025552613.00
USDC,2024-Q1,2024-03-31,31824931204.00
USDC,2024-Q2,2024-06-30,31870357355.00
USDC,2024-Q3,2024-09-30,36002121763.00
USDC,2024-Q4,2024-12-31,43825884044.00
USDC,2025-Q1,2025-03-31,60264872986.00
USDC,2025-Q2,2025-06-30,61340894592.00
USDC,2025-Q3,2025-09-30,73214277372.00
USDC,2025-Q4,2025-12-31,76003970103.00
USDP,2025-Q2,2025-07-17,14.00
USDP,2025-Q3,2025-09-30,801528.00
USDP,2025-Q4,2025-12-31,3147547.00
USDT,2022-Q4,2022-12-31,66256361891.00
USDT,2023-Q1,2023-03-31,79665014575.00
USDT,2023-Q2,2023-06-30,83359863360.00
USDT,2023-Q3,2023-09-30,83221172676.00
USDT,2023-Q4,2023-12-31,91677093371.00
USDT,2024-Q1,2024-03-31,104489471207.00
USDT,2024-Q2,2024-06-30,112775515629.00
USDT,2024-Q3,2024-09-30,119622396997.00
USDT,2024-Q4,2024-12-31,138109585231.00
USDT,2025-Q1,2025-03-31,144649416568.00
USDT,2025-Q2,2025-06-30,158520790585.00
USDT,2025-Q3,2025-09-30,174592531943.00
USDT,2025-Q4,2025-12-31,187311388515.00
